iter	RMSE
0	3.613564729
1	3.611649059
2	3.609845675
3	3.608146805
4	3.606547251
5	3.605041581
6	3.603621985
7	3.602283411
8	3.60102108
9	3.599827123
10	3.598706242
11	3.597647587
12	3.596648197
13	3.595691749
14	3.594802754
15	3.593965922
16	3.593178368
17	3.59236673
18	3.591538493
19	3.590762706
20	3.590033093
21	3.589329121
22	3.588668059
23	3.588054039
24	3.587460004
25	3.586914641
26	3.586394342
27	3.585900255
